No.,Quantity,Comment,Designator,Footprint,Value,Manufacturer Part,Manufacturer,Supplier Part,Supplier
1,14,100nF,"C1,C13,C14,C15,C16,C17,C18,C19,C20,C21,C22,C23,C24,C25",C0603,100nF,CL10B104KB8NNNC,SAMSUNG(三星),C1591,LCSC
2,15,100nF,"C3,C5,C6,C10,C12,C26,C28,C30,C33,C36,C40,C43,C45,C49,C51",C0402,100nF,CGA2B3X7R1H104KT0Y0S,TDK,C5159437,LCSC
3,3,100uF,"C7,C8,C9",CAP-SMD_BD6.3-L6.6-W6.6-LS7.6-RD,100uF,RVT1H101M0607,ROQANG(容强),C3151829,LCSC
4,14,47uF,"C11,C27,C29,C31,C32,C34,C35,C37,C41,C42,C44,C46,C50,C52",C1210,47uF,CS3225X7R476K160NRL,SAMWHA(三和),C5440143,LCSC
5,14,ZX-XH2.54-4PZZ,"CN3,CN4,CN5,CN6,CN7,CN9,CN10,CN11,CN12,CN13,CN14,CN16,CN22,CN29",CONN-TH_4P-P2.50_4PIN,,ZX-XH2.54-4PZZ,Megastar(兆星),C7429634,LCSC
6,14,ZX-XH2.54-3PZZ,"CN8,CN15,CN17,CN18,CN19,CN20,CN21,CN23,CN24,CN25,CN26,CN27,CN28,CN30",CONN-TH_3P-P2.54_2501S-3P,,ZX-XH2.54-3PZZ,Megastar(兆星),C7429633,LCSC
7,1,DC-005-5A-2.0-SMT,CONN1,DC-IN-TH_DC-005-5A-2.0-SMT,,DC-005-5A-2.0-SMT,XKB Connection(中国星坤),C319134,LCSC
8,14,BAT54S,"D1,D2,D3,D4,D5,D6,D7,D8,D9,D10,D11,D12,D13,D14",SOT-23-3_L2.9-W1.3-P1.90-LS2.4-BR,,BAT54S,TDSEMIC(拓电半导体),C42441799,LCSC
9,15,"PESD5V0S1BA,115","D16,D17,D18,D19,D20,D21,D23,D24,D25,D27,D28,D29,D30,D32,D33",SOD-323_L1.7-W1.3-LS2.5-BI,,"PESD5V0S1BA,115",Nexperia(安世),C19224,LCSC
10,2,10kΩ,"R3,R16",R0402,10kΩ,RN73H1ETTP1002B25,KOA,C186161,LCSC
11,1,1kΩ,R4,R0603,1kΩ,0603WAF1001T5E,UNI-ROYAL(厚声),C21190,LCSC
12,1,2kΩ,R5,R0603,2kΩ,0603WAF2001T5E,UNI-ROYAL(厚声),C22975,LCSC
13,1,4.02kΩ,R6,R0603,4.02kΩ,RC0603FR-074K02L,YAGEO(国巨),C141679,LCSC
14,1,8.06kΩ,R7,R0603,8.06kΩ,RMC06038.06K1%N,Tyohm(幸亚电阻),C325704,LCSC
15,1,16kΩ,R8,R0603,16kΩ,RC0603FR-0716KL,YAGEO(国巨),C137788,LCSC
16,1,32.4kΩ,R9,R0603,32.4kΩ,FRC0603F3242TS,FOJAN(富捷),C2998122,LCSC
17,16,100Ω,"R10,R11,R39,R66,R92,R115,R124,R126,R127,R128,R130,R131,R132,R133,R135,R155",R0603,100Ω,FRC0603J101 TS,FOJAN(富捷),C2907089,LCSC
18,28,100kΩ,"R12,R14,R18,R19,R20,R21,R23,R36,R38,R40,R42,R43,R44,R46,R47,R48,R49,R51,R59,R64,R83,R87,R109,R111,R145,R146,R147,R149",R0402,100kΩ,RC0402FR-07100KL,YAGEO(国巨),C60491,LCSC
19,1,1kΩ,R15,R0603,1kΩ,FRC0603F1001TS,FOJAN(富捷),C2907002,LCSC
20,28,47kΩ,"R26,R28,R29,R30,R32,R33,R34,R35,R37,R41,R45,R54,R56,R57,R58,R60,R61,R62,R63,R65,R67,R69,R94,R95,R120,R122,R148,R150",R0402,47kΩ,FRC0402F4702TS,FOJAN(富捷),C2906872,LCSC
21,14,330Ω,"R50,R68,R70,R71,R72,R73,R74,R75,R76,R77,R79,R97,R123,R151",R0402,330Ω,ARG02FTC3300,Viking(光颉),C284512,LCSC
22,42,22Ω,"R52,R53,R55,R78,R80,R81,R82,R84,R85,R86,R88,R89,R90,R91,R93,R96,R98,R99,R100,R101,R102,R103,R104,R105,R106,R107,R108,R110,R112,R113,R114,R116,R117,R118,R119,R121,R125,R129,R134,R152,R153,R154",R0402,22Ω,0402WGF220JTCE,UNI-ROYAL(厚声),C25092,LCSC
23,2,DSIC04LSGET,"SW3,SW4",SW-SMD_DSIC04LSGET,,DSIC04LSGET,YE,C54950,LCSC
24,15,WS2811,"U2,U3,U4,U6,U7,U8,U9,U10,U11,U12,U13,U14,U16,U17,U18",SOP-8_L4.9-W3.9-P1.27-LS6.0-BL,,WS2811,worldsemi,C114581,LCSC
25,1,ESP32-S3-DEVKITC-1-N16R8,U5,ESP32-S3-DEVKITC-1-N16R8_1,,,,,
